<?xml version="1.0" encoding="UTF-8"?>
<!DOCTYPE suite SYSTEM "http://testng.org/testng-1.0.dtd" >


<suite name="Silamoney Java SDK "> 

	<test name="API">
		<classes>   
		 	<class name="sila_test_cases.Check_handle"/> 
			<class name="sila_test_cases.Register"/>
			<class name="sila_test_cases.Request_kyc"/>  
			<class name="sila_test_cases.Check_kyc"/>  
		    <class name="sila_test_cases.Register_add_registration_data"/> 
			<class name="sila_test_cases.Register_update_registration_data"/> 
			<class name="sila_test_cases.Register_delete_registration_data"/> 
			<class name="sila_test_cases.Link_account"/> 
			<class name="sila_test_cases.Plaid_sameday_auth"/> 
			<class name="sila_test_cases.Get_account"/> 
			<class name="sila_test_cases.Get_account_balance"/> 
			<class name="sila_test_cases.Upload_document"/> 
			<class name="sila_test_cases.List_document"/> 
			<class name="sila_test_cases.Get_document"/> 
			<class name="sila_test_cases.Register_wallet"/> 
			<class name="sila_test_cases.Get_wallet"/> 
		</classes>
	</test>
	

 
		
</suite>
	
